Workbook

Sheet Главная
A1: A | B1: 11101
E2: Перевод модуля | W2: Доп код
A3: C | B3: 18615
E4: =F4*2 -> 32768 | F4: =G4*2 -> 16384 | G4: =H4*2 -> 8192 | H4: =I4*2 -> 4096 | I4: =J4*2 -> 2048 | J4: =K4*2 -> 1024 | K4: =L4*2 -> 512 | L4: =M4*2 -> 256 | ... S4: =T4*2 -> 2 | T4: 1 | V4: переносы | X4: =IF((1-X5)+Y4=2,1,0) -> 0 | Y4: =IF((1-Y5)+Z4=2,1,0) -> 0 | Z4: =IF((1-Z5)+AA4=2,1,0) -> 0 | AA4: =IF((1-AA5)+AB4=2,1,0) -> 0 | AB4: =IF((1-AB5)+AC4=2,1,0) -> 0 | AC4: =IF((1-AC5)+AD4=2,1,0) -> 0 | AD4: =IF((1-AD5)+AE4=2,1,0) -> 0 | AE4: =IF((1-AE5)+AF4=2,1,0) -> 0 | ... AL4: =IF((1-AL5)+AM4=2,1,0) -> 0 | AM4: 1
A5: Х1 | B5: =B1 -> 11101 | D5: B1 | E5: =IF(QUOTIENT(ABS($B5),E$4)<>0,MOD(QUOTIENT(ABS($B5),E$4),2),0) -> 0 | F5: =IF(QUOTIENT(ABS($B5),F$4)<>0,MOD(QUOTIENT(ABS($B5),F$4),2),0) -> 0 | G5: =IF(QUOTIENT(ABS($B5),G$4)<>0,MOD(QUOTIENT(ABS($B5),G$4),2),0) -> 1 | H5: =IF(QUOTIENT(ABS($B5),H$4)<>0,MOD(QUOTIENT(ABS($B5),H$4),2),0) -> 0 | I5: =IF(QUOTIENT(ABS($B5),I$4)<>0,MOD(QUOTIENT(ABS($B5),I$4),2),0) -> 1 | J5: =IF(QUOTIENT(ABS($B5),J$4)<>0,MOD(QUOTIENT(ABS($B5),J$4),2),0) -> 0 | K5: =IF(QUOTIENT(ABS($B5),K$4)<>0,MOD(QUOTIENT(ABS($B5),K$4),2),0) -> 1 | L5: =IF(QUOTIENT(ABS($B5),L$4)<>0,MOD(QUOTIENT(ABS($B5),L$4),2),0) -> 1 | ... S5: =IF(QUOTIENT(ABS($B5),S$4)<>0,MOD(QUOTIENT(ABS($B5),S$4),2),0) -> 0 | T5: =MOD(QUOTIENT(ABS($B5),T$4),2) -> 1 | W5: =IF($B5>=0,E5,MOD((1-E5)+X4,2)) -> 0 | X5: =IF($B5>=0,F5,MOD((1-F5)+Y4,2)) -> 0 | Y5: =IF($B5>=0,G5,MOD((1-G5)+Z4,2)) -> 1 | Z5: =IF($B5>=0,H5,MOD((1-H5)+AA4,2)) -> 0 | AA5: =IF($B5>=0,I5,MOD((1-I5)+AB4,2)) -> 1 | AB5: =IF($B5>=0,J5,MOD((1-J5)+AC4,2)) -> 0 | AC5: =IF($B5>=0,K5,MOD((1-K5)+AD4,2)) -> 1 | AD5: =IF($B5>=0,L5,MOD((1-L5)+AE4,2)) -> 1 | ... AL5: =IF($B5>=0,T5,MOD((1-T5)+AM4,2)) -> 1
V6: переносы | X6: =IF((1-X7)+Y6=2,1,0) -> 0 | Y6: =IF((1-Y7)+Z6=2,1,0) -> 0 | Z6: =IF((1-Z7)+AA6=2,1,0) -> 0 | AA6: =IF((1-AA7)+AB6=2,1,0) -> 0 | AB6: =IF((1-AB7)+AC6=2,1,0) -> 0 | AC6: =IF((1-AC7)+AD6=2,1,0) -> 0 | AD6: =IF((1-AD7)+AE6=2,1,0) -> 0 | AE6: =IF((1-AE7)+AF6=2,1,0) -> 0 | ... AL6: =IF((1-AL7)+AM6=2,1,0) -> 0 | AM6: 1
A7: Х2 | B7: =B3 -> 18615 | D7: B2 | E7: =IF(QUOTIENT(ABS($B7),E$4)<>0,MOD(QUOTIENT(ABS($B7),E$4),2),0) -> 0 | F7: =IF(QUOTIENT(ABS($B7),F$4)<>0,MOD(QUOTIENT(ABS($B7),F$4),2),0) -> 1 | G7: =IF(QUOTIENT(ABS($B7),G$4)<>0,MOD(QUOTIENT(ABS($B7),G$4),2),0) -> 0 | H7: =IF(QUOTIENT(ABS($B7),H$4)<>0,MOD(QUOTIENT(ABS($B7),H$4),2),0) -> 0 | I7: =IF(QUOTIENT(ABS($B7),I$4)<>0,MOD(QUOTIENT(ABS($B7),I$4),2),0) -> 1 | J7: =IF(QUOTIENT(ABS($B7),J$4)<>0,MOD(QUOTIENT(ABS($B7),J$4),2),0) -> 0 | K7: =IF(QUOTIENT(ABS($B7),K$4)<>0,MOD(QUOTIENT(ABS($B7),K$4),2),0) -> 0 | L7: =IF(QUOTIENT(ABS($B7),L$4)<>0,MOD(QUOTIENT(ABS($B7),L$4),2),0) -> 0 | ... S7: =IF(QUOTIENT(ABS($B7),S$4)<>0,MOD(QUOTIENT(ABS($B7),S$4),2),0) -> 1 | T7: =MOD(QUOTIENT(ABS($B7),T$4),2) -> 1 | W7: =IF($B7>=0,E7,MOD((1-E7)+X6,2)) -> 0 | X7: =IF($B7>=0,F7,MOD((1-F7)+Y6,2)) -> 1 | Y7: =IF($B7>=0,G7,MOD((1-G7)+Z6,2)) -> 0 | Z7: =IF($B7>=0,H7,MOD((1-H7)+AA6,2)) -> 0 | AA7: =IF($B7>=0,I7,MOD((1-I7)+AB6,2)) -> 1 | AB7: =IF($B7>=0,J7,MOD((1-J7)+AC6,2)) -> 0 | AC7: =IF($B7>=0,K7,MOD((1-K7)+AD6,2)) -> 0 | AD7: =IF($B7>=0,L7,MOD((1-L7)+AE6,2)) -> 0 | ... AL7: =IF($B7>=0,T7,MOD((1-T7)+AM6,2)) -> 1
V8: переносы | X8: =IF((1-X9)+Y8=2,1,0) -> 0 | Y8: =IF((1-Y9)+Z8=2,1,0) -> 0 | Z8: =IF((1-Z9)+AA8=2,1,0) -> 0 | AA8: =IF((1-AA9)+AB8=2,1,0) -> 0 | AB8: =IF((1-AB9)+AC8=2,1,0) -> 0 | AC8: =IF((1-AC9)+AD8=2,1,0) -> 0 | AD8: =IF((1-AD9)+AE8=2,1,0) -> 0 | AE8: =IF((1-AE9)+AF8=2,1,0) -> 0 | ... AL8: =IF((1-AL9)+AM8=2,1,0) -> 1 | AM8: 1
A9: Х3 | B9: =B1+B3 -> 29716 | D9: B3 | E9: =IF(QUOTIENT(ABS($B9),E$4)<>0,MOD(QUOTIENT(ABS($B9),E$4),2),0) -> 0 | F9: =IF(QUOTIENT(ABS($B9),F$4)<>0,MOD(QUOTIENT(ABS($B9),F$4),2),0) -> 1 | G9: =IF(QUOTIENT(ABS($B9),G$4)<>0,MOD(QUOTIENT(ABS($B9),G$4),2),0) -> 1 | H9: =IF(QUOTIENT(ABS($B9),H$4)<>0,MOD(QUOTIENT(ABS($B9),H$4),2),0) -> 1 | I9: =IF(QUOTIENT(ABS($B9),I$4)<>0,MOD(QUOTIENT(ABS($B9),I$4),2),0) -> 0 | J9: =IF(QUOTIENT(ABS($B9),J$4)<>0,MOD(QUOTIENT(ABS($B9),J$4),2),0) -> 1 | K9: =IF(QUOTIENT(ABS($B9),K$4)<>0,MOD(QUOTIENT(ABS($B9),K$4),2),0) -> 0 | L9: =IF(QUOTIENT(ABS($B9),L$4)<>0,MOD(QUOTIENT(ABS($B9),L$4),2),0) -> 0 | ... S9: =IF(QUOTIENT(ABS($B9),S$4)<>0,MOD(QUOTIENT(ABS($B9),S$4),2),0) -> 0 | T9: =MOD(QUOTIENT(ABS($B9),T$4),2) -> 0 | W9: =IF($B9>=0,E9,MOD((1-E9)+X8,2)) -> 0 | X9: =IF($B9>=0,F9,MOD((1-F9)+Y8,2)) -> 1 | Y9: =IF($B9>=0,G9,MOD((1-G9)+Z8,2)) -> 1 | Z9: =IF($B9>=0,H9,MOD((1-H9)+AA8,2)) -> 1 | AA9: =IF($B9>=0,I9,MOD((1-I9)+AB8,2)) -> 0 | AB9: =IF($B9>=0,J9,MOD((1-J9)+AC8,2)) -> 1 | AC9: =IF($B9>=0,K9,MOD((1-K9)+AD8,2)) -> 0 | AD9: =IF($B9>=0,L9,MOD((1-L9)+AE8,2)) -> 0 | ... AL9: =IF($B9>=0,T9,MOD((1-T9)+AM8,2)) -> 0
V10: переносы | X10: =IF((1-X11)+Y10=2,1,0) -> 0 | Y10: =IF((1-Y11)+Z10=2,1,0) -> 0 | Z10: =IF((1-Z11)+AA10=2,1,0) -> 0 | AA10: =IF((1-AA11)+AB10=2,1,0) -> 0 | AB10: =IF((1-AB11)+AC10=2,1,0) -> 0 | AC10: =IF((1-AC11)+AD10=2,1,0) -> 0 | AD10: =IF((1-AD11)+AE10=2,1,0) -> 0 | AE10: =IF((1-AE11)+AF10=2,1,0) -> 0 | ... AL10: =IF((1-AL11)+AM10=2,1,0) -> 0 | AM10: 1
A11: Х4 | B11: =B1+B3+B3 -> 48331 | D11: B4 | E11: =IF(QUOTIENT(ABS($B11),E$4)<>0,MOD(QUOTIENT(ABS($B11),E$4),2),0) -> 1 | F11: =IF(QUOTIENT(ABS($B11),F$4)<>0,MOD(QUOTIENT(ABS($B11),F$4),2),0) -> 0 | G11: =IF(QUOTIENT(ABS($B11),G$4)<>0,MOD(QUOTIENT(ABS($B11),G$4),2),0) -> 1 | H11: =IF(QUOTIENT(ABS($B11),H$4)<>0,MOD(QUOTIENT(ABS($B11),H$4),2),0) -> 1 | I11: =IF(QUOTIENT(ABS($B11),I$4)<>0,MOD(QUOTIENT(ABS($B11),I$4),2),0) -> 1 | J11: =IF(QUOTIENT(ABS($B11),J$4)<>0,MOD(QUOTIENT(ABS($B11),J$4),2),0) -> 1 | K11: =IF(QUOTIENT(ABS($B11),K$4)<>0,MOD(QUOTIENT(ABS($B11),K$4),2),0) -> 0 | L11: =IF(QUOTIENT(ABS($B11),L$4)<>0,MOD(QUOTIENT(ABS($B11),L$4),2),0) -> 0 | ... S11: =IF(QUOTIENT(ABS($B11),S$4)<>0,MOD(QUOTIENT(ABS($B11),S$4),2),0) -> 1 | T11: =MOD(QUOTIENT(ABS($B11),T$4),2) -> 1 | W11: =IF($B11>=0,E11,MOD((1-E11)+X10,2)) -> 1 | X11: =IF($B11>=0,F11,MOD((1-F11)+Y10,2)) -> 0 | Y11: =IF($B11>=0,G11,MOD((1-G11)+Z10,2)) -> 1 | Z11: =IF($B11>=0,H11,MOD((1-H11)+AA10,2)) -> 1 | AA11: =IF($B11>=0,I11,MOD((1-I11)+AB10,2)) -> 1 | AB11: =IF($B11>=0,J11,MOD((1-J11)+AC10,2)) -> 1 | AC11: =IF($B11>=0,K11,MOD((1-K11)+AD10,2)) -> 0 | AD11: =IF($B11>=0,L11,MOD((1-L11)+AE10,2)) -> 0 | ... AL11: =IF($B11>=0,T11,MOD((1-T11)+AM10,2)) -> 1
V12: переносы | X12: =IF((1-X13)+Y12=2,1,0) -> 0 | Y12: =IF((1-Y13)+Z12=2,1,0) -> 0 | Z12: =IF((1-Z13)+AA12=2,1,0) -> 0 | AA12: =IF((1-AA13)+AB12=2,1,0) -> 0 | AB12: =IF((1-AB13)+AC12=2,1,0) -> 0 | AC12: =IF((1-AC13)+AD12=2,1,0) -> 0 | AD12: =IF((1-AD13)+AE12=2,1,0) -> 0 | AE12: =IF((1-AE13)+AF12=2,1,0) -> 0 | ... AL12: =IF((1-AL13)+AM12=2,1,0) -> 1 | AM12: 1
A13: Х5 | B13: =B3-B1 -> 7514 | D13: B5 | E13: =IF(QUOTIENT(ABS($B13),E$4)<>0,MOD(QUOTIENT(ABS($B13),E$4),2),0) -> 0 | F13: =IF(QUOTIENT(ABS($B13),F$4)<>0,MOD(QUOTIENT(ABS($B13),F$4),2),0) -> 0 | G13: =IF(QUOTIENT(ABS($B13),G$4)<>0,MOD(QUOTIENT(ABS($B13),G$4),2),0) -> 0 | H13: =IF(QUOTIENT(ABS($B13),H$4)<>0,MOD(QUOTIENT(ABS($B13),H$4),2),0) -> 1 | I13: =IF(QUOTIENT(ABS($B13),I$4)<>0,MOD(QUOTIENT(ABS($B13),I$4),2),0) -> 1 | J13: =IF(QUOTIENT(ABS($B13),J$4)<>0,MOD(QUOTIENT(ABS($B13),J$4),2),0) -> 1 | K13: =IF(QUOTIENT(ABS($B13),K$4)<>0,MOD(QUOTIENT(ABS($B13),K$4),2),0) -> 0 | L13: =IF(QUOTIENT(ABS($B13),L$4)<>0,MOD(QUOTIENT(ABS($B13),L$4),2),0) -> 1 | ... S13: =IF(QUOTIENT(ABS($B13),S$4)<>0,MOD(QUOTIENT(ABS($B13),S$4),2),0) -> 1 | T13: =MOD(QUOTIENT(ABS($B13),T$4),2) -> 0 | W13: =IF($B13>=0,E13,MOD((1-E13)+X12,2)) -> 0 | X13: =IF($B13>=0,F13,MOD((1-F13)+Y12,2)) -> 0 | Y13: =IF($B13>=0,G13,MOD((1-G13)+Z12,2)) -> 0 | Z13: =IF($B13>=0,H13,MOD((1-H13)+AA12,2)) -> 1 | AA13: =IF($B13>=0,I13,MOD((1-I13)+AB12,2)) -> 1 | AB13: =IF($B13>=0,J13,MOD((1-J13)+AC12,2)) -> 1 | AC13: =IF($B13>=0,K13,MOD((1-K13)+AD12,2)) -> 0 | AD13: =IF($B13>=0,L13,MOD((1-L13)+AE12,2)) -> 1 | ... AL13: =IF($B13>=0,T13,MOD((1-T13)+AM12,2)) -> 0
V14: переносы | X14: =IF((1-X15)+Y14=2,1,0) -> 0 | Y14: =IF((1-Y15)+Z14=2,1,0) -> 0 | Z14: =IF((1-Z15)+AA14=2,1,0) -> 0 | AA14: =IF((1-AA15)+AB14=2,1,0) -> 0 | AB14: =IF((1-AB15)+AC14=2,1,0) -> 0 | AC14: =IF((1-AC15)+AD14=2,1,0) -> 0 | AD14: =IF((1-AD15)+AE14=2,1,0) -> 0 | AE14: =IF((1-AE15)+AF14=2,1,0) -> 0 | ... AL14: =IF((1-AL15)+AM14=2,1,0) -> 0 | AM14: 1
A15: Х6 | B15: =65536-B11 -> 17205 | D15: B6 | E15: =IF(QUOTIENT(ABS($B15),E$4)<>0,MOD(QUOTIENT(ABS($B15),E$4),2),0) -> 0 | F15: =IF(QUOTIENT(ABS($B15),F$4)<>0,MOD(QUOTIENT(ABS($B15),F$4),2),0) -> 1 | G15: =IF(QUOTIENT(ABS($B15),G$4)<>0,MOD(QUOTIENT(ABS($B15),G$4),2),0) -> 0 | H15: =IF(QUOTIENT(ABS($B15),H$4)<>0,MOD(QUOTIENT(ABS($B15),H$4),2),0) -> 0 | I15: =IF(QUOTIENT(ABS($B15),I$4)<>0,MOD(QUOTIENT(ABS($B15),I$4),2),0) -> 0 | J15: =IF(QUOTIENT(ABS($B15),J$4)<>0,MOD(QUOTIENT(ABS($B15),J$4),2),0) -> 0 | K15: =IF(QUOTIENT(ABS($B15),K$4)<>0,MOD(QUOTIENT(ABS($B15),K$4),2),0) -> 1 | L15: =IF(QUOTIENT(ABS($B15),L$4)<>0,MOD(QUOTIENT(ABS($B15),L$4),2),0) -> 1 | ... S15: =IF(QUOTIENT(ABS($B15),S$4)<>0,MOD(QUOTIENT(ABS($B15),S$4),2),0) -> 0 | T15: =MOD(QUOTIENT(ABS($B15),T$4),2) -> 1 | W15: =IF($B15>=0,E15,MOD((1-E15)+X14,2)) -> 0 | X15: =IF($B15>=0,F15,MOD((1-F15)+Y14,2)) -> 1 | Y15: =IF($B15>=0,G15,MOD((1-G15)+Z14,2)) -> 0 | Z15: =IF($B15>=0,H15,MOD((1-H15)+AA14,2)) -> 0 | AA15: =IF($B15>=0,I15,MOD((1-I15)+AB14,2)) -> 0 | AB15: =IF($B15>=0,J15,MOD((1-J15)+AC14,2)) -> 0 | AC15: =IF($B15>=0,K15,MOD((1-K15)+AD14,2)) -> 1 | AD15: =IF($B15>=0,L15,MOD((1-L15)+AE14,2)) -> 1 | ... AL15: =IF($B15>=0,T15,MOD((1-T15)+AM14,2)) -> 1
V16: переносы | X16: =IF((1-X17)+Y16=2,1,0) -> 0 | Y16: =IF((1-Y17)+Z16=2,1,0) -> 0 | Z16: =IF((1-Z17)+AA16=2,1,0) -> 0 | AA16: =IF((1-AA17)+AB16=2,1,0) -> 0 | AB16: =IF((1-AB17)+AC16=2,1,0) -> 0 | AC16: =IF((1-AC17)+AD16=2,1,0) -> 0 | AD16: =IF((1-AD17)+AE16=2,1,0) -> 0 | AE16: =IF((1-AE17)+AF16=2,1,0) -> 0 | ... AL16: =IF((1-AL17)+AM16=2,1,0) -> 0 | AM16: 1
A17: Х7 | B17: =-B5 -> -11101 | D17: B7 | E17: =IF(QUOTIENT(ABS($B17),E$4)<>0,MOD(QUOTIENT(ABS($B17),E$4),2),0) -> 0 | F17: =IF(QUOTIENT(ABS($B17),F$4)<>0,MOD(QUOTIENT(ABS($B17),F$4),2),0) -> 0 | G17: =IF(QUOTIENT(ABS($B17),G$4)<>0,MOD(QUOTIENT(ABS($B17),G$4),2),0) -> 1 | H17: =IF(QUOTIENT(ABS($B17),H$4)<>0,MOD(QUOTIENT(ABS($B17),H$4),2),0) -> 0 | I17: =IF(QUOTIENT(ABS($B17),I$4)<>0,MOD(QUOTIENT(ABS($B17),I$4),2),0) -> 1 | J17: =IF(QUOTIENT(ABS($B17),J$4)<>0,MOD(QUOTIENT(ABS($B17),J$4),2),0) -> 0 | K17: =IF(QUOTIENT(ABS($B17),K$4)<>0,MOD(QUOTIENT(ABS($B17),K$4),2),0) -> 1 | L17: =IF(QUOTIENT(ABS($B17),L$4)<>0,MOD(QUOTIENT(ABS($B17),L$4),2),0) -> 1 | ... S17: =IF(QUOTIENT(ABS($B17),S$4)<>0,MOD(QUOTIENT(ABS($B17),S$4),2),0) -> 0 | T17: =MOD(QUOTIENT(ABS($B17),T$4),2) -> 1 | W17: =IF($B17>=0,E17,MOD((1-E17)+X16,2)) -> 1 | X17: =IF($B17>=0,F17,MOD((1-F17)+Y16,2)) -> 1 | Y17: =IF($B17>=0,G17,MOD((1-G17)+Z16,2)) -> 0 | Z17: =IF($B17>=0,H17,MOD((1-H17)+AA16,2)) -> 1 | AA17: =IF($B17>=0,I17,MOD((1-I17)+AB16,2)) -> 0 | AB17: =IF($B17>=0,J17,MOD((1-J17)+AC16,2)) -> 1 | AC17: =IF($B17>=0,K17,MOD((1-K17)+AD16,2)) -> 0 | AD17: =IF($B17>=0,L17,MOD((1-L17)+AE16,2)) -> 0 | ... AL17: =IF($B17>=0,T17,MOD((1-T17)+AM16,2)) -> 1
V18: переносы | X18: =IF((1-X19)+Y18=2,1,0) -> 0 | Y18: =IF((1-Y19)+Z18=2,1,0) -> 0 | Z18: =IF((1-Z19)+AA18=2,1,0) -> 0 | AA18: =IF((1-AA19)+AB18=2,1,0) -> 0 | AB18: =IF((1-AB19)+AC18=2,1,0) -> 0 | AC18: =IF((1-AC19)+AD18=2,1,0) -> 0 | AD18: =IF((1-AD19)+AE18=2,1,0) -> 0 | AE18: =IF((1-AE19)+AF18=2,1,0) -> 0 | ... AL18: =IF((1-AL19)+AM18=2,1,0) -> 0 | AM18: 1
A19: Х8 | B19: =-B7 -> -18615 | D19: B8 | E19: =IF(QUOTIENT(ABS($B19),E$4)<>0,MOD(QUOTIENT(ABS($B19),E$4),2),0) -> 0 | F19: =IF(QUOTIENT(ABS($B19),F$4)<>0,MOD(QUOTIENT(ABS($B19),F$4),2),0) -> 1 | G19: =IF(QUOTIENT(ABS($B19),G$4)<>0,MOD(QUOTIENT(ABS($B19),G$4),2),0) -> 0 | H19: =IF(QUOTIENT(ABS($B19),H$4)<>0,MOD(QUOTIENT(ABS($B19),H$4),2),0) -> 0 | I19: =IF(QUOTIENT(ABS($B19),I$4)<>0,MOD(QUOTIENT(ABS($B19),I$4),2),0) -> 1 | J19: =IF(QUOTIENT(ABS($B19),J$4)<>0,MOD(QUOTIENT(ABS($B19),J$4),2),0) -> 0 | K19: =IF(QUOTIENT(ABS($B19),K$4)<>0,MOD(QUOTIENT(ABS($B19),K$4),2),0) -> 0 | L19: =IF(QUOTIENT(ABS($B19),L$4)<>0,MOD(QUOTIENT(ABS($B19),L$4),2),0) -> 0 | ... S19: =IF(QUOTIENT(ABS($B19),S$4)<>0,MOD(QUOTIENT(ABS($B19),S$4),2),0) -> 1 | T19: =MOD(QUOTIENT(ABS($B19),T$4),2) -> 1 | W19: =IF($B19>=0,E19,MOD((1-E19)+X18,2)) -> 1 | X19: =IF($B19>=0,F19,MOD((1-F19)+Y18,2)) -> 0 | Y19: =IF($B19>=0,G19,MOD((1-G19)+Z18,2)) -> 1 | Z19: =IF($B19>=0,H19,MOD((1-H19)+AA18,2)) -> 1 | AA19: =IF($B19>=0,I19,MOD((1-I19)+AB18,2)) -> 0 | AB19: =IF($B19>=0,J19,MOD((1-J19)+AC18,2)) -> 1 | AC19: =IF($B19>=0,K19,MOD((1-K19)+AD18,2)) -> 1 | AD19: =IF($B19>=0,L19,MOD((1-L19)+AE18,2)) -> 1 | ... AL19: =IF($B19>=0,T19,MOD((1-T19)+AM18,2)) -> 1
V20: переносы | X20: =IF((1-X21)+Y20=2,1,0) -> 0 | Y20: =IF((1-Y21)+Z20=2,1,0) -> 0 | Z20: =IF((1-Z21)+AA20=2,1,0) -> 0 | AA20: =IF((1-AA21)+AB20=2,1,0) -> 0 | AB20: =IF((1-AB21)+AC20=2,1,0) -> 0 | AC20: =IF((1-AC21)+AD20=2,1,0) -> 0 | AD20: =IF((1-AD21)+AE20=2,1,0) -> 0 | AE20: =IF((1-AE21)+AF20=2,1,0) -> 0 | ... AL20: =IF((1-AL21)+AM20=2,1,0) -> 1 | AM20: 1
A21: Х9 | B21: =-B9 -> -29716 | D21: B9 | E21: =IF(QUOTIENT(ABS($B21),E$4)<>0,MOD(QUOTIENT(ABS($B21),E$4),2),0) -> 0 | F21: =IF(QUOTIENT(ABS($B21),F$4)<>0,MOD(QUOTIENT(ABS($B21),F$4),2),0) -> 1 | G21: =IF(QUOTIENT(ABS($B21),G$4)<>0,MOD(QUOTIENT(ABS($B21),G$4),2),0) -> 1 | H21: =IF(QUOTIENT(ABS($B21),H$4)<>0,MOD(QUOTIENT(ABS($B21),H$4),2),0) -> 1 | I21: =IF(QUOTIENT(ABS($B21),I$4)<>0,MOD(QUOTIENT(ABS($B21),I$4),2),0) -> 0 | J21: =IF(QUOTIENT(ABS($B21),J$4)<>0,MOD(QUOTIENT(ABS($B21),J$4),2),0) -> 1 | K21: =IF(QUOTIENT(ABS($B21),K$4)<>0,MOD(QUOTIENT(ABS($B21),K$4),2),0) -> 0 | L21: =IF(QUOTIENT(ABS($B21),L$4)<>0,MOD(QUOTIENT(ABS($B21),L$4),2),0) -> 0 | ... S21: =IF(QUOTIENT(ABS($B21),S$4)<>0,MOD(QUOTIENT(ABS($B21),S$4),2),0) -> 0 | T21: =MOD(QUOTIENT(ABS($B21),T$4),2) -> 0 | W21: =IF($B21>=0,E21,MOD((1-E21)+X20,2)) -> 1 | X21: =IF($B21>=0,F21,MOD((1-F21)+Y20,2)) -> 0 | Y21: =IF($B21>=0,G21,MOD((1-G21)+Z20,2)) -> 0 | Z21: =IF($B21>=0,H21,MOD((1-H21)+AA20,2)) -> 0 | AA21: =IF($B21>=0,I21,MOD((1-I21)+AB20,2)) -> 1 | AB21: =IF($B21>=0,J21,MOD((1-J21)+AC20,2)) -> 0 | AC21: =IF($B21>=0,K21,MOD((1-K21)+AD20,2)) -> 1 | AD21: =IF($B21>=0,L21,MOD((1-L21)+AE20,2)) -> 1 | ... AL21: =IF($B21>=0,T21,MOD((1-T21)+AM20,2)) -> 0
V22: переносы | X22: =IF((1-X23)+Y22=2,1,0) -> 0 | Y22: =IF((1-Y23)+Z22=2,1,0) -> 0 | Z22: =IF((1-Z23)+AA22=2,1,0) -> 0 | AA22: =IF((1-AA23)+AB22=2,1,0) -> 0 | AB22: =IF((1-AB23)+AC22=2,1,0) -> 0 | AC22: =IF((1-AC23)+AD22=2,1,0) -> 0 | AD22: =IF((1-AD23)+AE22=2,1,0) -> 0 | AE22: =IF((1-AE23)+AF22=2,1,0) -> 0 | ... AL22: =IF((1-AL23)+AM22=2,1,0) -> 0 | AM22: 1
A23: Х10 | B23: =-B11 -> -48331 | D23: B10 | E23: =IF(QUOTIENT(ABS($B23),E$4)<>0,MOD(QUOTIENT(ABS($B23),E$4),2),0) -> 1 | F23: =IF(QUOTIENT(ABS($B23),F$4)<>0,MOD(QUOTIENT(ABS($B23),F$4),2),0) -> 0 | G23: =IF(QUOTIENT(ABS($B23),G$4)<>0,MOD(QUOTIENT(ABS($B23),G$4),2),0) -> 1 | H23: =IF(QUOTIENT(ABS($B23),H$4)<>0,MOD(QUOTIENT(ABS($B23),H$4),2),0) -> 1 | I23: =IF(QUOTIENT(ABS($B23),I$4)<>0,MOD(QUOTIENT(ABS($B23),I$4),2),0) -> 1 | J23: =IF(QUOTIENT(ABS($B23),J$4)<>0,MOD(QUOTIENT(ABS($B23),J$4),2),0) -> 1 | K23: =IF(QUOTIENT(ABS($B23),K$4)<>0,MOD(QUOTIENT(ABS($B23),K$4),2),0) -> 0 | L23: =IF(QUOTIENT(ABS($B23),L$4)<>0,MOD(QUOTIENT(ABS($B23),L$4),2),0) -> 0 | ... S23: =IF(QUOTIENT(ABS($B23),S$4)<>0,MOD(QUOTIENT(ABS($B23),S$4),2),0) -> 1 | T23: =MOD(QUOTIENT(ABS($B23),T$4),2) -> 1 | W23: =IF($B23>=0,E23,MOD((1-E23)+X22,2)) -> 0 | X23: =IF($B23>=0,F23,MOD((1-F23)+Y22,2)) -> 1 | Y23: =IF($B23>=0,G23,MOD((1-G23)+Z22,2)) -> 0 | Z23: =IF($B23>=0,H23,MOD((1-H23)+AA22,2)) -> 0 | AA23: =IF($B23>=0,I23,MOD((1-I23)+AB22,2)) -> 0 | AB23: =IF($B23>=0,J23,MOD((1-J23)+AC22,2)) -> 0 | AC23: =IF($B23>=0,K23,MOD((1-K23)+AD22,2)) -> 1 | AD23: =IF($B23>=0,L23,MOD((1-L23)+AE22,2)) -> 1 | ... AL23: =IF($B23>=0,T23,MOD((1-T23)+AM22,2)) -> 1
V24: переносы | X24: =IF((1-X25)+Y24=2,1,0) -> 0 | Y24: =IF((1-Y25)+Z24=2,1,0) -> 0 | Z24: =IF((1-Z25)+AA24=2,1,0) -> 0 | AA24: =IF((1-AA25)+AB24=2,1,0) -> 0 | AB24: =IF((1-AB25)+AC24=2,1,0) -> 0 | AC24: =IF((1-AC25)+AD24=2,1,0) -> 0 | AD24: =IF((1-AD25)+AE24=2,1,0) -> 0 | AE24: =IF((1-AE25)+AF24=2,1,0) -> 0 | ... AL24: =IF((1-AL25)+AM24=2,1,0) -> 1 | AM24: 1
A25: Х11 | B25: =-B13 -> -7514 | D25: B11 | E25: =IF(QUOTIENT(ABS($B25),E$4)<>0,MOD(QUOTIENT(ABS($B25),E$4),2),0) -> 0 | F25: =IF(QUOTIENT(ABS($B25),F$4)<>0,MOD(QUOTIENT(ABS($B25),F$4),2),0) -> 0 | G25: =IF(QUOTIENT(ABS($B25),G$4)<>0,MOD(QUOTIENT(ABS($B25),G$4),2),0) -> 0 | H25: =IF(QUOTIENT(ABS($B25),H$4)<>0,MOD(QUOTIENT(ABS($B25),H$4),2),0) -> 1 | I25: =IF(QUOTIENT(ABS($B25),I$4)<>0,MOD(QUOTIENT(ABS($B25),I$4),2),0) -> 1 | J25: =IF(QUOTIENT(ABS($B25),J$4)<>0,MOD(QUOTIENT(ABS($B25),J$4),2),0) -> 1 | K25: =IF(QUOTIENT(ABS($B25),K$4)<>0,MOD(QUOTIENT(ABS($B25),K$4),2),0) -> 0 | L25: =IF(QUOTIENT(ABS($B25),L$4)<>0,MOD(QUOTIENT(ABS($B25),L$4),2),0) -> 1 | ... S25: =IF(QUOTIENT(ABS($B25),S$4)<>0,MOD(QUOTIENT(ABS($B25),S$4),2),0) -> 1 | T25: =MOD(QUOTIENT(ABS($B25),T$4),2) -> 0 | W25: =IF($B25>=0,E25,MOD((1-E25)+X24,2)) -> 1 | X25: =IF($B25>=0,F25,MOD((1-F25)+Y24,2)) -> 1 | Y25: =IF($B25>=0,G25,MOD((1-G25)+Z24,2)) -> 1 | Z25: =IF($B25>=0,H25,MOD((1-H25)+AA24,2)) -> 0 | AA25: =IF($B25>=0,I25,MOD((1-I25)+AB24,2)) -> 0 | AB25: =IF($B25>=0,J25,MOD((1-J25)+AC24,2)) -> 0 | AC25: =IF($B25>=0,K25,MOD((1-K25)+AD24,2)) -> 1 | AD25: =IF($B25>=0,L25,MOD((1-L25)+AE24,2)) -> 0 | ... AL25: =IF($B25>=0,T25,MOD((1-T25)+AM24,2)) -> 0
V26: переносы | X26: =IF((1-X27)+Y26=2,1,0) -> 0 | Y26: =IF((1-Y27)+Z26=2,1,0) -> 0 | Z26: =IF((1-Z27)+AA26=2,1,0) -> 0 | AA26: =IF((1-AA27)+AB26=2,1,0) -> 0 | AB26: =IF((1-AB27)+AC26=2,1,0) -> 0 | AC26: =IF((1-AC27)+AD26=2,1,0) -> 0 | AD26: =IF((1-AD27)+AE26=2,1,0) -> 0 | AE26: =IF((1-AE27)+AF26=2,1,0) -> 0 | ... AL26: =IF((1-AL27)+AM26=2,1,0) -> 0 | AM26: 1
A27: Х12 | B27: =-B15 -> -17205 | D27: B12 | E27: =IF(QUOTIENT(ABS($B27),E$4)<>0,MOD(QUOTIENT(ABS($B27),E$4),2),0) -> 0 | F27: =IF(QUOTIENT(ABS($B27),F$4)<>0,MOD(QUOTIENT(ABS($B27),F$4),2),0) -> 1 | G27: =IF(QUOTIENT(ABS($B27),G$4)<>0,MOD(QUOTIENT(ABS($B27),G$4),2),0) -> 0 | H27: =IF(QUOTIENT(ABS($B27),H$4)<>0,MOD(QUOTIENT(ABS($B27),H$4),2),0) -> 0 | I27: =IF(QUOTIENT(ABS($B27),I$4)<>0,MOD(QUOTIENT(ABS($B27),I$4),2),0) -> 0 | J27: =IF(QUOTIENT(ABS($B27),J$4)<>0,MOD(QUOTIENT(ABS($B27),J$4),2),0) -> 0 | K27: =IF(QUOTIENT(ABS($B27),K$4)<>0,MOD(QUOTIENT(ABS($B27),K$4),2),0) -> 1 | L27: =IF(QUOTIENT(ABS($B27),L$4)<>0,MOD(QUOTIENT(ABS($B27),L$4),2),0) -> 1 | ... S27: =IF(QUOTIENT(ABS($B27),S$4)<>0,MOD(QUOTIENT(ABS($B27),S$4),2),0) -> 0 | T27: =MOD(QUOTIENT(ABS($B27),T$4),2) -> 1 | W27: =IF($B27>=0,E27,MOD((1-E27)+X26,2)) -> 1 | X27: =IF($B27>=0,F27,MOD((1-F27)+Y26,2)) -> 0 | Y27: =IF($B27>=0,G27,MOD((1-G27)+Z26,2)) -> 1 | Z27: =IF($B27>=0,H27,MOD((1-H27)+AA26,2)) -> 1 | AA27: =IF($B27>=0,I27,MOD((1-I27)+AB26,2)) -> 1 | AB27: =IF($B27>=0,J27,MOD((1-J27)+AC26,2)) -> 1 | AC27: =IF($B27>=0,K27,MOD((1-K27)+AD26,2)) -> 0 | AD27: =IF($B27>=0,L27,MOD((1-L27)+AE26,2)) -> 0 | ... AL27: =IF($B27>=0,T27,MOD((1-T27)+AM26,2)) -> 1
B29: ОДЗ | C29: [-2**15; 2**15 - 1]

Sheet B1+B2
A2: переносы | C2: =IF(C3+C4+D2>=2,1,0) -> 0 | D2: =IF(D3+D4+E2>=2,1,0) -> 0 | E2: =IF(E3+E4+F2>=2,1,0) -> 0 | F2: =IF(F3+F4+G2>=2,1,0) -> 0 | G2: =IF(G3+G4+H2>=2,1,0) -> 1 | H2: =IF(H3+H4+I2>=2,1,0) -> 0 | I2: =IF(I3+I4+J2>=2,1,0) -> 1 | J2: =IF(J3+J4+K2>=2,1,0) -> 1 | ... Q2: =IF(Q3+Q4+R2>=2,1,0) -> 1 | R2: =IF(R3+R4>=2,1,0) -> 1
A3: A | C3: {=Главная!W5:AL5} -> 0 | D3: 0 | E3: 1 | F3: 0 | G3: 1 | H3: 0 | I3: 1 | J3: 1 | K3: 0 | L3: 1 | M3: 0 | N3: 1 | O3: 1 | P3: 1 | Q3: 0 | R3: 1
A4: B | C4: {=Главная!W7:AL7} -> 0 | D4: 1 | E4: 0 | F4: 0 | G4: 1 | H4: 0 | I4: 0 | J4: 0 | K4: 1 | L4: 0 | M4: 1 | N4: 1 | O4: 0 | P4: 1 | Q4: 1 | R4: 1
A5: A + B | C5: =MOD(C3+C4+D2,2) -> 0 | D5: =MOD(D3+D4+E2,2) -> 1 | E5: =MOD(E3+E4+F2,2) -> 1 | F5: =MOD(F3+F4+G2,2) -> 1 | G5: =MOD(G3+G4+H2,2) -> 0 | H5: =MOD(H3+H4+I2,2) -> 1 | I5: =MOD(I3+I4+J2,2) -> 0 | J5: =MOD(J3+J4+K2,2) -> 0 | ... Q5: =MOD(Q3+Q4+R2,2) -> 0 | R5: =MOD(R3+R4,2) -> 0
A7: CF | B7: =C2 -> 0
A8: PF | B8: =MOD(COUNTIF(K5:R5,"=1"),2) -> 0
A9: AF | B9: =P2 -> 1
A10: ZF | B10: =IF(COUNTIF(C5:R5,"=1")=0,1,0) -> 0
A11: SF | B11: =C5 -> 0
A12: OV | B12: =MOD(C2+D2,2) -> 0

Sheet B2+B3
A2: переносы | C2: =IF(C3+C4+D2>=2,1,0) -> 0 | D2: =IF(D3+D4+E2>=2,1,0) -> 1 | E2: =IF(E3+E4+F2>=2,1,0) -> 0 | F2: =IF(F3+F4+G2>=2,1,0) -> 0 | G2: =IF(G3+G4+H2>=2,1,0) -> 0 | H2: =IF(H3+H4+I2>=2,1,0) -> 0 | I2: =IF(I3+I4+J2>=2,1,0) -> 0 | J2: =IF(J3+J4+K2>=2,1,0) -> 0 | ... Q2: =IF(Q3+Q4+R2>=2,1,0) -> 0 | R2: =IF(R3+R4>=2,1,0) -> 0
A3: A | C3: {=Главная!W7:AL7} -> 0 | D3: 1 | E3: 0 | F3: 0 | G3: 1 | H3: 0 | I3: 0 | J3: 0 | K3: 1 | L3: 0 | M3: 1 | N3: 1 | O3: 0 | P3: 1 | Q3: 1 | R3: 1
A4: B | C4: {=Главная!W9:AL9} -> 0 | D4: 1 | E4: 1 | F4: 1 | G4: 0 | H4: 1 | I4: 0 | J4: 0 | K4: 0 | L4: 0 | M4: 0 | N4: 1 | O4: 0 | P4: 1 | Q4: 0 | R4: 0
A5: A + B | C5: =MOD(C3+C4+D2,2) -> 1 | D5: =MOD(D3+D4+E2,2) -> 0 | E5: =MOD(E3+E4+F2,2) -> 1 | F5: =MOD(F3+F4+G2,2) -> 1 | G5: =MOD(G3+G4+H2,2) -> 1 | H5: =MOD(H3+H4+I2,2) -> 1 | I5: =MOD(I3+I4+J2,2) -> 0 | J5: =MOD(J3+J4+K2,2) -> 0 | ... Q5: =MOD(Q3+Q4+R2,2) -> 1 | R5: =MOD(R3+R4,2) -> 1
A7: CF | B7: =C2 -> 0
A8: PF | B8: =MOD(COUNTIF(K5:R5,"=1"),2) -> 1
A9: AF | B9: =P2 -> 1
A10: ZF | B10: =IF(COUNTIF(C5:R5,"=1")=0,1,0) -> 0
A11: SF | B11: =C5 -> 1
A12: OV | B12: =MOD(C2+D2,2) -> 1

Sheet B2+B7
A2: переносы | C2: =IF(C3+C4+D2>=2,1,0) -> 1 | D2: =IF(D3+D4+E2>=2,1,0) -> 1 | E2: =IF(E3+E4+F2>=2,1,0) -> 0 | F2: =IF(F3+F4+G2>=2,1,0) -> 0 | G2: =IF(G3+G4+H2>=2,1,0) -> 0 | H2: =IF(H3+H4+I2>=2,1,0) -> 0 | I2: =IF(I3+I4+J2>=2,1,0) -> 0 | J2: =IF(J3+J4+K2>=2,1,0) -> 0 | ... Q2: =IF(Q3+Q4+R2>=2,1,0) -> 1 | R2: =IF(R3+R4>=2,1,0) -> 1
A3: A | C3: {=Главная!W7:AL7} -> 0 | D3: 1 | E3: 0 | F3: 0 | G3: 1 | H3: 0 | I3: 0 | J3: 0 | K3: 1 | L3: 0 | M3: 1 | N3: 1 | O3: 0 | P3: 1 | Q3: 1 | R3: 1
A4: B | C4: {=Главная!W17:AL17} -> 1 | D4: 1 | E4: 0 | F4: 1 | G4: 0 | H4: 1 | I4: 0 | J4: 0 | K4: 1 | L4: 0 | M4: 1 | N4: 0 | O4: 0 | P4: 0 | Q4: 1 | R4: 1
A5: A + B | C5: =MOD(C3+C4+D2,2) -> 0 | D5: =MOD(D3+D4+E2,2) -> 0 | E5: =MOD(E3+E4+F2,2) -> 0 | F5: =MOD(F3+F4+G2,2) -> 1 | G5: =MOD(G3+G4+H2,2) -> 1 | H5: =MOD(H3+H4+I2,2) -> 1 | I5: =MOD(I3+I4+J2,2) -> 0 | J5: =MOD(J3+J4+K2,2) -> 1 | ... Q5: =MOD(Q3+Q4+R2,2) -> 1 | R5: =MOD(R3+R4,2) -> 0
A7: CF | B7: =C2 -> 1
A8: PF | B8: =MOD(COUNTIF(K5:R5,"=1"),2) -> 0
A9: AF | B9: =P2 -> 1
A10: ZF | B10: =IF(COUNTIF(C5:R5,"=1")=0,1,0) -> 0
A11: SF | B11: =C5 -> 0
A12: OV | B12: =MOD(C2+D2,2) -> 0

Sheet B7+B8
A2: переносы | C2: =IF(C3+C4+D2>=2,1,0) -> 1 | D2: =IF(D3+D4+E2>=2,1,0) -> 1 | E2: =IF(E3+E4+F2>=2,1,0) -> 1 | F2: =IF(F3+F4+G2>=2,1,0) -> 1 | G2: =IF(G3+G4+H2>=2,1,0) -> 0 | H2: =IF(H3+H4+I2>=2,1,0) -> 1 | I2: =IF(I3+I4+J2>=2,1,0) -> 0 | J2: =IF(J3+J4+K2>=2,1,0) -> 0 | ... Q2: =IF(Q3+Q4+R2>=2,1,0) -> 1 | R2: =IF(R3+R4>=2,1,0) -> 1
A3: A | C3: {=Главная!W17:AL17} -> 1 | D3: 1 | E3: 0 | F3: 1 | G3: 0 | H3: 1 | I3: 0 | J3: 0 | K3: 1 | L3: 0 | M3: 1 | N3: 0 | O3: 0 | P3: 0 | Q3: 1 | R3: 1
A4: B | C4: {=Главная!W19:AL19} -> 1 | D4: 0 | E4: 1 | F4: 1 | G4: 0 | H4: 1 | I4: 1 | J4: 1 | K4: 0 | L4: 1 | M4: 0 | N4: 0 | O4: 1 | P4: 0 | Q4: 0 | R4: 1
A5: A + B | C5: =MOD(C3+C4+D2,2) -> 1 | D5: =MOD(D3+D4+E2,2) -> 0 | E5: =MOD(E3+E4+F2,2) -> 0 | F5: =MOD(F3+F4+G2,2) -> 0 | G5: =MOD(G3+G4+H2,2) -> 1 | H5: =MOD(H3+H4+I2,2) -> 0 | I5: =MOD(I3+I4+J2,2) -> 1 | J5: =MOD(J3+J4+K2,2) -> 1 | ... Q5: =MOD(Q3+Q4+R2,2) -> 0 | R5: =MOD(R3+R4,2) -> 0
A7: CF | B7: =C2 -> 1
A8: PF | B8: =MOD(COUNTIF(K5:R5,"=1"),2) -> 1
A9: AF | B9: =P2 -> 0
A10: ZF | B10: =IF(COUNTIF(C5:R5,"=1")=0,1,0) -> 0
A11: SF | B11: =C5 -> 1
A12: OV | B12: =MOD(C2+D2,2) -> 0

Sheet B8+B9
A2: переносы | C2: =IF(C3+C4+D2>=2,1,0) -> 1 | D2: =IF(D3+D4+E2>=2,1,0) -> 0 | E2: =IF(E3+E4+F2>=2,1,0) -> 1 | F2: =IF(F3+F4+G2>=2,1,0) -> 1 | G2: =IF(G3+G4+H2>=2,1,0) -> 1 | H2: =IF(H3+H4+I2>=2,1,0) -> 1 | I2: =IF(I3+I4+J2>=2,1,0) -> 1 | J2: =IF(J3+J4+K2>=2,1,0) -> 1 | ... Q2: =IF(Q3+Q4+R2>=2,1,0) -> 0 | R2: =IF(R3+R4>=2,1,0) -> 0
A3: A | C3: {=Главная!W19:AL19} -> 1 | D3: 0 | E3: 1 | F3: 1 | G3: 0 | H3: 1 | I3: 1 | J3: 1 | K3: 0 | L3: 1 | M3: 0 | N3: 0 | O3: 1 | P3: 0 | Q3: 0 | R3: 1
A4: B | C4: {=Главная!W21:AL21} -> 1 | D4: 0 | E4: 0 | F4: 0 | G4: 1 | H4: 0 | I4: 1 | J4: 1 | K4: 1 | L4: 1 | M4: 1 | N4: 0 | O4: 1 | P4: 1 | Q4: 0 | R4: 0
A5: A + B | C5: =MOD(C3+C4+D2,2) -> 0 | D5: =MOD(D3+D4+E2,2) -> 1 | E5: =MOD(E3+E4+F2,2) -> 0 | F5: =MOD(F3+F4+G2,2) -> 0 | G5: =MOD(G3+G4+H2,2) -> 0 | H5: =MOD(H3+H4+I2,2) -> 0 | I5: =MOD(I3+I4+J2,2) -> 1 | J5: =MOD(J3+J4+K2,2) -> 1 | ... Q5: =MOD(Q3+Q4+R2,2) -> 0 | R5: =MOD(R3+R4,2) -> 1
A7: CF | B7: =C2 -> 1
A8: PF | B8: =MOD(COUNTIF(K5:R5,"=1"),2) -> 0
A9: AF | B9: =P2 -> 0
A10: ZF | B10: =IF(COUNTIF(C5:R5,"=1")=0,1,0) -> 0
A11: SF | B11: =C5 -> 0
A12: OV | B12: =MOD(C2+D2,2) -> 1

Sheet B1+B8
A2: переносы | C2: =IF(C3+C4+D2>=2,1,0) -> 0 | D2: =IF(D3+D4+E2>=2,1,0) -> 0 | E2: =IF(E3+E4+F2>=2,1,0) -> 1 | F2: =IF(F3+F4+G2>=2,1,0) -> 1 | G2: =IF(G3+G4+H2>=2,1,0) -> 1 | H2: =IF(H3+H4+I2>=2,1,0) -> 1 | I2: =IF(I3+I4+J2>=2,1,0) -> 1 | J2: =IF(J3+J4+K2>=2,1,0) -> 1 | ... Q2: =IF(Q3+Q4+R2>=2,1,0) -> 0 | R2: =IF(R3+R4>=2,1,0) -> 1
A3: A | C3: {=Главная!W5:AL5} -> 0 | D3: 0 | E3: 1 | F3: 0 | G3: 1 | H3: 0 | I3: 1 | J3: 1 | K3: 0 | L3: 1 | M3: 0 | N3: 1 | O3: 1 | P3: 1 | Q3: 0 | R3: 1
A4: B | C4: {=Главная!W19:AL19} -> 1 | D4: 0 | E4: 1 | F4: 1 | G4: 0 | H4: 1 | I4: 1 | J4: 1 | K4: 0 | L4: 1 | M4: 0 | N4: 0 | O4: 1 | P4: 0 | Q4: 0 | R4: 1
A5: A + B | C5: =MOD(C3+C4+D2,2) -> 1 | D5: =MOD(D3+D4+E2,2) -> 1 | E5: =MOD(E3+E4+F2,2) -> 1 | F5: =MOD(F3+F4+G2,2) -> 0 | G5: =MOD(G3+G4+H2,2) -> 0 | H5: =MOD(H3+H4+I2,2) -> 0 | I5: =MOD(I3+I4+J2,2) -> 1 | J5: =MOD(J3+J4+K2,2) -> 0 | ... Q5: =MOD(Q3+Q4+R2,2) -> 1 | R5: =MOD(R3+R4,2) -> 0
A7: CF | B7: =C2 -> 0
A8: PF | B8: =MOD(COUNTIF(K5:R5,"=1"),2) -> 0
A9: AF | B9: =P2 -> 0
A10: ZF | B10: =IF(COUNTIF(C5:R5,"=1")=0,1,0) -> 0
A11: SF | B11: =C5 -> 1
A12: OV | B12: =MOD(C2+D2,2) -> 0

Sheet B11+B3
A2: переносы | C2: =IF(C3+C4+D2>=2,1,0) -> 1 | D2: =IF(D3+D4+E2>=2,1,0) -> 1 | E2: =IF(E3+E4+F2>=2,1,0) -> 1 | F2: =IF(F3+F4+G2>=2,1,0) -> 0 | G2: =IF(G3+G4+H2>=2,1,0) -> 0 | H2: =IF(H3+H4+I2>=2,1,0) -> 0 | I2: =IF(I3+I4+J2>=2,1,0) -> 0 | J2: =IF(J3+J4+K2>=2,1,0) -> 0 | ... Q2: =IF(Q3+Q4+R2>=2,1,0) -> 0 | R2: =IF(R3+R4>=2,1,0) -> 0
A3: A | C3: {=Главная!W25:AL25} -> 1 | D3: 1 | E3: 1 | F3: 0 | G3: 0 | H3: 0 | I3: 1 | J3: 0 | K3: 1 | L3: 0 | M3: 1 | N3: 0 | O3: 0 | P3: 1 | Q3: 1 | R3: 0
A4: B | C4: {=Главная!W9:AL9} -> 0 | D4: 1 | E4: 1 | F4: 1 | G4: 0 | H4: 1 | I4: 0 | J4: 0 | K4: 0 | L4: 0 | M4: 0 | N4: 1 | O4: 0 | P4: 1 | Q4: 0 | R4: 0
A5: A + B | C5: =MOD(C3+C4+D2,2) -> 0 | D5: =MOD(D3+D4+E2,2) -> 1 | E5: =MOD(E3+E4+F2,2) -> 0 | F5: =MOD(F3+F4+G2,2) -> 1 | G5: =MOD(G3+G4+H2,2) -> 0 | H5: =MOD(H3+H4+I2,2) -> 1 | I5: =MOD(I3+I4+J2,2) -> 1 | J5: =MOD(J3+J4+K2,2) -> 0 | ... Q5: =MOD(Q3+Q4+R2,2) -> 1 | R5: =MOD(R3+R4,2) -> 0
A7: CF | B7: =C2 -> 1
A8: PF | B8: =MOD(COUNTIF(K5:R5,"=1"),2) -> 1
A9: AF | B9: =P2 -> 1
A10: ZF | B10: =IF(COUNTIF(C5:R5,"=1")=0,1,0) -> 0
A11: SF | B11: =C5 -> 0
A12: OV | B12: =MOD(C2+D2,2) -> 0

Sheet Шаблон сложения двух чисел
A2: переносы | C2: =IF(C3+C4+D2>=2,1,0) -> 1 | D2: =IF(D3+D4+E2>=2,1,0) -> 1 | E2: =IF(E3+E4+F2>=2,1,0) -> 1 | F2: =IF(F3+F4+G2>=2,1,0) -> 1 | G2: =IF(G3+G4+H2>=2,1,0) -> 1 | H2: =IF(H3+H4+I2>=2,1,0) -> 1 | I2: =IF(I3+I4+J2>=2,1,0) -> 1 | J2: =IF(J3+J4+K2>=2,1,0) -> 0 | ... Q2: =IF(Q3+Q4+R2>=2,1,0) -> 0 | R2: =IF(R3+R4>=2,1,0) -> 0
A3: A | C3: 1 | D3: 1 | E3: 1 | F3: 1 | G3: 0 | H3: 0 | I3: 1 | J3: 1 | K3: 1 | L3: 0 | M3: 1 | N3: 0 | O3: 1 | P3: 1 | Q3: 0 | R3: 0
A4: B | C4: 1 | D4: 1 | E4: 1 | F4: 0 | G4: 1 | H4: 1 | I4: 1 | J4: 0 | K4: 0 | L4: 0 | M4: 0 | N4: 0 | O4: 0 | P4: 0 | Q4: 0 | R4: 1
A5: A + B | C5: =MOD(C3+C4+D2,2) -> 1 | D5: =MOD(D3+D4+E2,2) -> 1 | E5: =MOD(E3+E4+F2,2) -> 1 | F5: =MOD(F3+F4+G2,2) -> 0 | G5: =MOD(G3+G4+H2,2) -> 0 | H5: =MOD(H3+H4+I2,2) -> 0 | I5: =MOD(I3+I4+J2,2) -> 0 | J5: =MOD(J3+J4+K2,2) -> 1 | ... Q5: =MOD(Q3+Q4+R2,2) -> 0 | R5: =MOD(R3+R4,2) -> 1
A7: CF | B7: =C2 -> 1
A8: PF | B8: =MOD(COUNTIF(K5:R5,"=1"),2) -> 1
A9: AF | B9: =P2 -> 0
A10: ZF | B10: =IF(COUNTIF(C5:R5,"=1")=0,1,0) -> 0
A11: SF | B11: =C5 -> 1
A12: OV | B12: =MOD(C2+D2,2) -> 0
